Top pages,Clicks,Impressions,CTR,Position
https://www.msu.edu.in/course/master-s-in-anesthesia-and-operation-theatre-technology,512,50328,1.02%,6.69
https://www.msu.edu.in/course/m-sc-in-medical-radiology-and-imaging-technology,410,46166,0.89%,7.1
https://www.msu.edu.in/course/diploma-in-medical-radiology-and-imaging-technology,345,49346,0.7%,7.12
https://www.msu.edu.in/course/diploma-in-anesthesia-and-operation-theatre-technology,322,58984,0.55%,7.18
https://www.msu.edu.in/course/diploma-in-emergency-medical-technology,285,30636,0.93%,6.16
https://www.msu.edu.in/course/bachelors-in-physiotherapy,250,11949,2.09%,5.93
https://www.msu.edu.in/course/btech-in-artificial-intelligence-and-machine-learning,241,24784,0.97%,7.3
https://www.msu.edu.in/course/master-of-advanced-care-paramedic,179,7397,2.42%,5.09
https://www.msu.edu.in/course/diploma-in-medical-laboratory-technology,176,20952,0.84%,8.26
https://www.msu.edu.in/course/b-sc-in-medical-radiology-and-imaging-technology,155,26783,0.58%,8.84
https://www.msu.edu.in/course/m-sc-in-dialysis-therapy,151,9064,1.67%,5.68
https://www.msu.edu.in/course/b-sc-in-hospitality-and-hotel-management,144,10063,1.43%,8.33
https://www.msu.edu.in/course/bachelors-in-hospital-administration,140,25989,0.54%,8.21
https://www.msu.edu.in/course/m-sc-in-clinical-microbiology,138,11013,1.25%,6.58
https://www.msu.edu.in/course/b-sc-in-nursing,137,6771,2.02%,5.32
https://www.msu.edu.in/course/professional-diploma-in-hospitality-and-hotel-management,128,20506,0.62%,8.9
https://www.msu.edu.in/course/bachelors-in-optometry,124,6041,2.05%,6.02
https://www.msu.edu.in/course/m-sc-in-medical-laboratory-technology,118,18028,0.65%,7.55
https://www.msu.edu.in/course/b-pharm-in-pharmacy,109,16784,0.65%,8.23
https://www.msu.edu.in/course/masters-in-optometry,108,6409,1.69%,7.8
https://www.msu.edu.in/course/ma-in-applied-english,104,8053,1.29%,9.65
https://www.msu.edu.in/course/bachelors-in-emergency-medical-technology,96,14152,0.68%,6.45
https://www.msu.edu.in/course/m-com-in-professional-accounting,87,6995,1.24%,8.58
https://www.msu.edu.in/course/diploma-in-dialysis-therapy-technology,85,15891,0.53%,7.29
https://www.msu.edu.in/course/bachelors-in-anesthesia-and-operation-theatre-technology,78,6043,1.29%,6.38
https://www.msu.edu.in/course/diploma-in-computer-science-engineering,77,11138,0.69%,7.82
https://www.msu.edu.in/course/mca-in-cyber-security,74,17374,0.43%,9.54
https://www.msu.edu.in/course/b-sc-in-medical-laboratory-technology,74,12678,0.58%,10.2
https://www.msu.edu.in/course/bba-in-business-management,70,6336,1.1%,5.95
https://www.msu.edu.in/course/bca-in-software-development,66,11226,0.59%,6.25
https://www.msu.edu.in/course/b-sc-in-nutrition-and-dietetics,66,4936,1.34%,5.96
https://www.msu.edu.in/course/btech-in-cloud-computing-and-cyber-security,62,12425,0.5%,8.74
https://www.msu.edu.in/course/doctor-of-philosophy-phd,61,1318,4.63%,7.1
https://www.msu.edu.in/course/ba-in-applied-english,60,5694,1.05%,5.51
https://www.msu.edu.in/course/d-pharm-in-pharmacy,51,5102,1%,5.84
https://www.msu.edu.in/course/bca-in-full-stack-development,50,4895,1.02%,6.23
https://www.msu.edu.in/course/mca-in-data-analytics,49,8941,0.55%,7.77
https://www.msu.edu.in/course/b-com-in-professional-accounting,44,8422,0.52%,6.46
https://www.msu.edu.in/blog/courses-after-12th-global-career-opportunities,40,3795,1.05%,6.16
https://www.msu.edu.in/course/bachelors-in-dialysis-therapy-technology,27,2553,1.06%,6.68
https://www.msu.edu.in/course/mba-in-strategic-marketing,20,2414,0.83%,9.97
https://www.msu.edu.in/course/mba-in-tech-hr,20,1929,1.04%,6.29
https://www.msu.edu.in/course/bsc-in-operation-theater-technology,16,1029,1.55%,5.53
https://www.msu.edu.in/course/bsc-in-medical-lab-technology,15,16215,0.09%,9.04
https://www.msu.edu.in/course/mba-in-business-finance,14,2219,0.63%,8.62
https://www.msu.edu.in/course/ba-llb,14,909,1.54%,1.18
https://www.msu.edu.in/course/bsc-in-nursing,10,1394,0.72%,7.18
https://www.msu.edu.in/course/bachelors-in-radiology-and-imaging-technology,9,2480,0.36%,11.32
https://www.msu.edu.in/course/masters-in-hospital-administration,9,2012,0.45%,12.46
https://www.msu.edu.in/course/diploma-in-pharmacy,9,778,1.16%,4.81
https://www.msu.edu.in/course/bachelors-in-pharmacy,8,926,0.86%,5.36
https://www.msu.edu.in/course/bachelor-in-hospital-administration,8,668,1.2%,6.19
https://www.msu.edu.in/course/bsc-in-dialysis-technology,8,511,1.57%,6.03
https://www.msu.edu.in/course/BA-in-Applied-English,7,733,0.95%,2.02
https://www.msu.edu.in/course/bachelor-in-hospitality-and-hotel-management,7,701,1%,14.58
https://www.msu.edu.in/course/bachelor-of-physiotherapy,6,367,1.63%,18.75
https://www.msu.edu.in/course/bsc-in-emergency-medical-technology,3,840,0.36%,7.55
https://www.msu.edu.in/course/diploma-in-computer-engineering,3,386,0.78%,8.74
https://www.msu.edu.in/course/btech-in-cloud-computing-&-cyber-security,2,181,1.1%,20.46
https://www.msu.edu.in/course/bca-in-full-stack-development-&-cloud-integration,1,178,0.56%,13.42
https://www.msu.edu.in/blog/courses-after-12th-global-career-opportunities#international-business-and-management-courses,0,18,0%,6
https://www.msu.edu.in/blog/courses-after-12th-global-career-opportunities#top-courses-after-12th-with-global-career-scope,0,18,0%,6
https://www.msu.edu.in/blog/courses-after-12th-global-career-opportunities#why-global-career-opportunities-are-attracting-students,0,18,0%,6
https://www.msu.edu.in/blog/courses-after-12th-global-career-opportunities#aviation-and-airport-management-career-prospects,0,15,0%,5.73
https://www.msu.edu.in/blog/courses-after-12th-global-career-opportunities#data-science-and-artificial-intelligence-career-opportunities-worldwide,0,15,0%,5.73
https://www.msu.edu.in/blog/courses-after-12th-global-career-opportunities#hospitality-and-tourism-management-careers-abroad,0,15,0%,5.73
https://www.msu.edu.in/blog/courses-after-12th-global-career-opportunities#what-makes-a-course-internationally-recognised,0,15,0%,5.73
https://www.msu.edu.in/blog/courses-after-12th-arts-high-growth-fields-you-should-consider,0,5,0%,1
https://www.msu.edu.in/course/master-s-in-anesthesia-and-operation-theater-technology,0,4,0%,1
https://www.msu.edu.in/blog/courses-after-12th-commerce-without-maths-best-courses-and-scope,0,2,0%,1
https://www.msu.edu.in/course/professional-diploma-and-hotel-management,0,2,0%,1
https://www.msu.edu.in/course/students-showcase,0,2,0%,6.5
https://www.msu.edu.in/course/b-tech-in-computer-science-and-engineering-cloud-computing-and-cyber-security,0,2,0%,12
https://www.msu.edu.in/blog/course-after-12th-arts-high-growth-fields-you-should-consider,0,1,0%,1
https://www.msu.edu.in/blog/courses-after-12th-arts-with-high-salary-2026,0,1,0%,1
https://www.msu.edu.in/blog/courses-after-12th-global-career-opportunities/,0,1,0%,1
https://www.msu.edu.in/course/b-sc-in-hotel-management,0,1,0%,1
https://www.msu.edu.in/course/b-sc-in-medical-radiology-imaging-technology,0,1,0%,1
https://www.msu.edu.in/course/b-sc-in-medical-radiology-imaging-technology/,0,1,0%,1
https://www.msu.edu.in/course/diploma-in-emergency-medical-technician-emt-course,0,1,0%,1
https://www.msu.edu.in/course/diploma-in-emergency-medical-technology-emt-course,0,1,0%,1
https://www.msu.edu.in/course/m-sc-in-radiology-and-imaging-technology,0,1,0%,1
https://www.msu.edu.in/course/ma-in-applied-english/,0,1,0%,1
https://www.msu.edu.in/course/master-s-in-anaesthesia-and-operation-theatre-technology,0,1,0%,1
https://www.msu.edu.in/course/master-s-in-anesthesia-and-operation-theathre-technology,0,1,0%,1
https://www.msu.edu.in/course/master-s-in-anesthesia-and-operation-theatre-technology/,0,1,0%,1
https://www.msu.edu.in/course/mba-in-business-finance/,0,1,0%,1
https://www.msu.edu.in/course/msu/course/masters-in-optometry,0,1,0%,1