Top queries,Clicks,Impressions,CTR,Position
pcb career options,263,109292,0.24%,4.24
paramedical courses,253,30316,0.83%,8.15
cbse 10th marksheet download,110,6558,1.68%,7.52
cbse 10th result 2026,110,2615,4.21%,4.25
polaris school of technology,91,70274,0.13%,8.5
bachelor of optometry,91,14638,0.62%,4.55
diploma or degree which is best,69,2270,3.04%,4.3
cbse 10th marksheet download 2026,67,1728,3.88%,4.94
optometry course,57,23353,0.24%,6.79
best skills to learn in 2026,47,7216,0.65%,7.4
bsc nursing,47,1746,2.69%,2.91
nep 2026,46,14894,0.31%,5.25
bachelor of optometry salary,45,2618,1.72%,3.19
career options after 12th arts,39,7379,0.53%,4.69
hospitality and tourism management,39,4181,0.93%,3.35
10th marksheet download,31,1727,1.8%,7.32
skill university in india,31,1375,2.25%,10.58
arts career options,29,7991,0.36%,6.56
career options after 12th pcb,28,10328,0.27%,5.53
nursing courses after 12th,27,21930,0.12%,6.83
paramedical courses after 12th,26,14131,0.18%,8.53
career options for pcb students,25,7352,0.34%,5.2
cbse 10th result 2026 marksheet download,25,744,3.36%,4.67
paramedical,24,13786,0.17%,6.95
skills to learn in 2026,23,3113,0.74%,6.98
10th marksheet download 2026,23,1492,1.54%,6.1
pcb student career options,22,8723,0.25%,4.81
best skill to learn in 2026,22,3556,0.62%,7.66
career options after 12th science pcb,21,10436,0.2%,5.35
how to get nursing job in germany from india,21,679,3.09%,5.41
medhavi skills university ma clinical psychology,21,222,9.46%,4.37
bachelor in optometry,20,2108,0.95%,5.38
career growth tips india 2026 skills,18,21332,0.08%,5.12
best paramedical courses,18,10522,0.17%,7.51
pharmacy courses after 12th,18,7803,0.23%,5.39
ncrf,18,3146,0.57%,5.61
psychology,18,2035,0.88%,2.5
class 10 marksheet download cbse,18,803,2.24%,7.13
paramedical courses list,18,389,4.63%,2.2
courses after 12th arts,17,6127,0.28%,5.67
cbse class 10 marksheet download,17,607,2.8%,6.99
ojl,16,1483,1.08%,4.56
skill universities in india,16,1012,1.58%,10.21
top 5 skills to learn in 2026,16,883,1.81%,4.95
earn while you learn,16,556,2.88%,5.22
cbse 10th result 2026 download marksheet,16,319,5.02%,5.3
bsc optometry course details,15,13717,0.11%,6.55
national credit framework,15,2746,0.55%,8.38
top skills to learn in 2026,15,1932,0.78%,6.95
skill courses after 12th,15,1906,0.79%,5.67
what is paramedical course,15,825,1.82%,7.83
10th marksheet download cbse 2026,15,689,2.18%,4.87
cbse 10 marksheet 2026,15,580,2.59%,4.74
best skill university in india,15,511,2.94%,5.21
bsc optometry,14,8535,0.16%,7.49
testas,14,6454,0.22%,8.57
after 12 arts career options,14,5159,0.27%,5.66
nep policy 2026,14,3910,0.36%,7.19
commerce without maths career options with high salary,14,3838,0.36%,3.8
ncrf full form,14,3700,0.38%,2.98
skill university,14,2136,0.66%,9.62
germany nursing jobs,14,1762,0.79%,8.36
paramedical course,14,1722,0.81%,8.09
new skills to learn,14,1209,1.16%,5.89
new skills to learn in 2026,14,1101,1.27%,6.28
cbse 10th result 2026 marksheet,14,379,3.69%,4.54
learn and earn program,14,209,6.7%,8.13
commerce without maths scope,13,15534,0.08%,8.04
optometry,13,12578,0.1%,9.67
commerce without maths career options,13,9258,0.14%,7.35
after 12th which course is best for future,13,8979,0.14%,8.6
pharmacy course,13,5960,0.22%,7.32
best career options after 12th arts,13,4556,0.29%,5.33
best allied health sciences courses with high salary,13,3485,0.37%,5
career after 12th arts,13,2395,0.54%,4.5
skills to learn,13,1455,0.89%,6
class 10 marksheet 2026,13,933,1.39%,4.9
future of business,13,676,1.92%,5.86
bsc mlt after pg courses,13,485,2.68%,3.45
class 10 cbse marksheet download,13,301,4.32%,7.64
pcb students career options,12,8884,0.14%,5.52
bsc dialysis technology,12,8067,0.15%,6.76
career guidance after 12th,12,4704,0.26%,8.21
psychology of learning,12,2150,0.56%,9.18
after bsc mlt which course is better,12,2106,0.57%,4.82
nursing jobs in germany for indian nurses,12,2100,0.57%,12.88
learning in psychology,12,1751,0.69%,8.26
career options for arts students,12,1375,0.87%,6.5
nep new education policy 2026,12,785,1.53%,3.77
psychology of students,12,702,1.71%,4.96
after bsc dialysis technology which course is best,12,326,3.68%,2.71
optometry course details,11,8436,0.13%,7.03
bsc optometry salary,11,5840,0.19%,6.72
best paramedical courses with high salary,11,5682,0.19%,6.62
pharmacist course,11,2656,0.41%,6.94
10 marksheet 2026,11,1253,0.88%,6.62
career options,11,1157,0.95%,6.58
cbse 10th marksheet,11,781,1.41%,7.47
58 engineering colleges shut list,11,347,3.17%,8.52
bsc nursing course,11,284,3.87%,2.94
para medical courses,10,3510,0.28%,8.11
gate xh,10,989,1.01%,5.39
skills university,10,965,1.04%,9.19
hospitality and tourism management courses,10,581,1.72%,4.69
skills vs degree,10,489,2.04%,2.74
cbse 10th result 2026 second exam,10,427,2.34%,6.3
top skill university in india,10,376,2.66%,4.31
58 engineering college shut down,10,363,2.75%,5.88
based career 2026,10,167,5.99%,2.29
cbse class 10th marksheet download 2026,10,106,9.43%,4.59
class 10 marksheet download cbse 2026,10,90,11.11%,4.64
after 12 pcb career options,9,6793,0.13%,5.08
nursing jobs in germany,9,2217,0.41%,15.58
best skills to learn,9,989,0.91%,5.69
cbse class 10 marksheet,9,549,1.64%,6.82
how to choose career after 12th,9,520,1.73%,4.58
bachelor of optometry salary per month,9,510,1.76%,2.6
skill based education in india,9,493,1.83%,4.43
new skills to learn for students,9,466,1.93%,3.55
skills after 12th,9,439,2.05%,2.77
dialysis technician jobs in germany,9,368,2.45%,5.18
indian nurses in germany,9,300,3%,4.26
58 engineering college closed,9,205,4.39%,4.14
10th marksheet 2026 cbse,9,136,6.62%,4.41
computer science courses after 12th,8,4209,0.19%,5.75
diploma vs degree which is better,8,4123,0.19%,5.16
on the job training,8,4031,0.2%,7.12
tourism and hospitality management,8,3154,0.25%,5.96
what is bachelor of optometry,8,2594,0.31%,3.82
nutrition and dietetics,8,2413,0.33%,7.98
tourism management course,8,1985,0.4%,8.47
medhavi skills university,8,1700,0.47%,6.12
optometry salary,8,1636,0.49%,5.89
nep 2026 education,8,1466,0.55%,6.08
apprenticeship embedded degree programme,8,1167,0.69%,7.57
skills to learn after 12th,8,664,1.2%,2.59
no 1 skill university in india,8,540,1.48%,4.49
pharmacist skills,8,496,1.61%,10.41
tourism and hospitality management courses,8,446,1.79%,4.24
cbse 10th 2026 marksheet download,8,253,3.16%,4.77
earn and learn program,8,243,3.29%,8.49
skills university in india,8,232,3.45%,7.9
58 college shut down list,8,205,3.9%,6.56
medhavi skills university result,8,116,6.9%,1.67
arts career options after 12th,7,2835,0.25%,5.24
best paramedical course,7,2829,0.25%,7.68
bba hospital administration,7,2351,0.3%,6.78
nurse in germany,7,1933,0.36%,17.81
course after 12 arts,7,1428,0.49%,6.23
germany nursing jobs for indian,7,916,0.76%,14.84
learning psychology,7,831,0.84%,7.09
testas exam fees,7,765,0.92%,4.29
germany nurse vacancy,7,651,1.08%,12.32
class 10 marksheet download,7,649,1.08%,7.68
10th result 2026 marksheet download,7,582,1.2%,6.37
high demand skills in 2026,7,575,1.22%,8.12
nursing job in germany,7,528,1.33%,6.92
download cbse 10th marksheet,7,506,1.38%,8.47
hospitality and tourism management course details,7,433,1.62%,3.19
10th marksheet download cbse,7,349,2.01%,8.02
gate xh eligibility,7,248,2.82%,4.81
10th marksheet cbse 2026,7,195,3.59%,4.73
cbse 10th marksheet 2026 download,7,194,3.61%,5.35
class 10 marksheet 2026 cbse,7,153,4.58%,5.89
10 marksheet 2026 cbse,7,147,4.76%,4.52
how many engineering colleges shut down in india,7,119,5.88%,3.45
earn while learn program,7,41,17.07%,6.17
pcb courses after 12th,6,12217,0.05%,7.74
top 10 paramedical courses with high salary,6,7387,0.08%,6.81
arts courses after 12th,6,6865,0.09%,7.25
medical courses after 12th,6,4298,0.14%,10.14
pcb career options after 12th,6,2927,0.2%,5.84
courses after 12th,6,2889,0.21%,9.42
courses after 12th commerce without maths with high salary,6,2882,0.21%,4.57
career options after 12th commerce without maths,6,2679,0.22%,5.74
after 12th arts career options,6,2299,0.26%,5.94
10th marksheet,6,2082,0.29%,8.3
pharmacy course details,6,2011,0.3%,6.06
hospitality management courses after 12th,6,1889,0.32%,7.22
optometrist course,6,1794,0.33%,7.29
career options for commerce students without maths,6,1641,0.37%,6.73
courses after 12th commerce with high salary without maths,6,1469,0.41%,4.41
health care course,6,1143,0.52%,6.73
after bsc radiology which course is best,6,934,0.64%,5.96
methods of learning in psychology,6,829,0.72%,5.1
top 10 skills to learn in 2026,6,673,0.89%,6.8
cbse 10 marksheet,6,367,1.63%,7.12
cbse class 10 marksheet 2026,6,331,1.81%,4.72
health care courses,6,311,1.93%,5.7
how to get nursing job in germany,6,284,2.11%,4.63
what are paramedical courses,6,272,2.21%,8.83
best university in sikkim,6,255,2.35%,7.37
cbse class 10th marksheet 2026,6,250,2.4%,4.63
new skill to learn in 2026,6,231,2.6%,4.8
polaris school of technology degree,6,231,2.6%,6.12
dialysis technician vacancy in germany,6,229,2.62%,4.03
10th cbse marksheet 2026,6,202,2.97%,5.52
10th marksheet download 2026 cbse,6,180,3.33%,5.16
skill based education,6,173,3.47%,6.86
cbse class 10 marksheet download 2026,6,171,3.51%,4.55
list of skill university in india,6,158,3.8%,6.57
career opportunities in nutrition and dietetics,6,103,5.83%,4.47
cbse 10th result 2026 download,6,103,5.83%,5.63
scarce skills in south africa 2026,6,38,15.79%,3.5
bsc lab technician,5,4799,0.1%,8.23
para medical courses after 12th,5,3505,0.14%,7.75
after bca which course is best,5,3452,0.14%,8.55
top paramedical courses,5,3246,0.15%,7.31
paramedical best course,5,3094,0.16%,9.16
medical laboratory technology,5,2411,0.21%,15.27
what to do after 12th arts,5,2151,0.23%,4.56
bsc in dialysis technology,5,1728,0.29%,6.4
career option for pcb students,5,1642,0.3%,5.67
which skill is best for future,5,1621,0.31%,8.73
courses after 12th commerce without maths,5,1551,0.32%,7.23
options for pcb students after 12th,5,1458,0.34%,6.48
bca career options,5,1423,0.35%,7.51
career guide after 12th,5,1209,0.41%,7.36
is nutrition and dietetics a good course,5,1185,0.42%,5.8
high paying skills in 2026,5,763,0.66%,8
how to choose a career after 12th,5,757,0.66%,4.22
career path after 12th,5,749,0.67%,9
yes,5,642,0.78%,4.92
best skills to learn in 2026 for students,5,618,0.81%,4.47
gate humanities and social sciences,5,556,0.9%,6.22
nursing jobs in germany with visa sponsorship,5,506,0.99%,5.06
ojt in hotel management,5,443,1.13%,2.56
urgent nursing jobs in germany for indian nurses,5,424,1.18%,5.8
how to go germany from india for nursing job,5,395,1.27%,3.79
germany staff nurse vacancy,5,391,1.28%,5.49
germany nurse vacancy for indian,5,337,1.48%,5.52
jt in hotel management,5,327,1.53%,3.09
skills to learn after 12th to earn money,5,323,1.55%,2.88
national education policy 2026,5,314,1.59%,1.12
bsc nursing jobs in germany,5,311,1.61%,5.25
skills to learn in 2026 for students,5,269,1.86%,4.67
class 10 cbse marksheet 2026,5,210,2.38%,4.65
cbse marksheet download 2026,5,178,2.81%,5.68
2026 skills to learn,5,167,2.99%,6.39
paramedical courses name list,5,111,4.5%,2.23
marksheet class 10 2026,5,101,4.95%,4
cbse class 10th result 2026 marksheet download,5,89,5.62%,4.27
class 10 2026 marksheet cbse,5,79,6.33%,3.9
cbse 10th result 2026 link,5,72,6.94%,4.65
earn while you learn programs,5,57,8.77%,4.18
b optometry course details,4,6174,0.06%,6.99
best career options after 12th with high salary,4,5393,0.07%,7.95
best career options after 12th pcb,4,3346,0.12%,6.67
best paramedical courses after 12th,4,3233,0.12%,7.44
12th pcb career options,4,3163,0.13%,5.47
job oriented courses after 12th,4,2518,0.16%,8.06
after mlt which course is better,4,2382,0.17%,5.27
bachelor of dialysis therapy technology,4,2192,0.18%,8.11
testas exam,4,1965,0.2%,8.66
which paramedical course is best for future,4,1887,0.21%,5.6
bachelor of optometry course details,4,1868,0.21%,5.77
diploma or degree which is better,4,1736,0.23%,4.51
bsc nursing course after 12th,4,1696,0.24%,5.09
b voc interior design,4,1595,0.25%,8.24
age limit for nurses in germany,4,1525,0.26%,4.5
aimer business school,4,1448,0.28%,9.32
pcb student career options after 12th,4,1250,0.32%,4.69
career options after 12 pcb,4,1189,0.34%,5.77
pcb best career options,4,1146,0.35%,6.68
student psychology,4,1116,0.36%,6.4
pharmacy courses,4,978,0.41%,5.86
career after 12th pcb,4,964,0.41%,5.87
pcb options after 12th,4,960,0.42%,6.04
requirements to work as a nurse in germany from india,4,914,0.44%,4.35
skilled courses after 12th,4,894,0.45%,4.95
bachelor of optometry course duration,4,887,0.45%,4.74
career options for arts students after 12th,4,874,0.46%,5.7
top 10 skill university in india,4,868,0.46%,6.97
how to go germany for nursing job,4,839,0.48%,4.59
class 10 marksheet,4,836,0.48%,8.91
high salary jobs in commerce stream without maths,4,821,0.49%,4.95
healthcare courses,4,780,0.51%,7.58
physiotherapist skills,4,712,0.56%,13.06
career options for pcb,4,708,0.56%,5.29
job courses after 12th,4,643,0.62%,6.09
job course after 12th,4,633,0.63%,5.73
arts student courses after 12th,4,618,0.65%,5.76
trending skills to learn in 2026,4,587,0.68%,7.25
nep 2020,4,585,0.68%,8.52
all career options for pcb students,4,567,0.71%,5.84
optometry course salary per month,4,540,0.74%,3.16
bachelor optometry course,4,536,0.75%,4.63
career in pcb after 12th,4,521,0.77%,5.16
pcb,4,488,0.82%,2.39
careers after pcb,4,488,0.82%,5.37
10th marksheet 2026,4,477,0.84%,7.54
how to become a nurse in germany,4,473,0.85%,6.99
cbse marksheet download,4,467,0.86%,8.71
best skill courses after 12th,4,452,0.88%,5.2
skill to learn in 2026,4,404,0.99%,6.46
arts best career options,4,387,1.03%,5.54
10th cbse marksheet download 2026,4,378,1.06%,4.87
physiotherapy skills,4,378,1.06%,6.15
high demand paramedical courses in india,4,372,1.08%,4.58
cbse 10th marksheet 2026,4,359,1.11%,5.1
career after 12th commerce without maths,4,358,1.12%,5.39
sikkim skill university,4,341,1.17%,2.89
apprenticeship embedded degree program,4,324,1.23%,6.6
which skills should i learn for future,4,301,1.33%,4.49
after bsc in radiology what can i do,4,291,1.37%,4.38
how to apply nursing job in germany,4,276,1.45%,4.64
is nutrition and dietetics a good career,4,266,1.5%,4.16
dialysis technician,4,265,1.51%,2.82
tourism and hospitality courses,4,261,1.53%,6.15
ojt full form in hotel management,4,257,1.56%,2.63
germany hospital jobs,4,257,1.56%,6.13
which skills are in demand in india,4,242,1.65%,7.25
mark sheet of class 10 2026 cbse board,4,238,1.68%,6.51
career options as a pcb student,4,225,1.78%,3.74
mlt career options,4,216,1.85%,3.03
new education policy 2026,4,215,1.86%,2.54
cbse class 10 result 2026 marksheet download,4,213,1.88%,4.52
class 10th marksheet download 2026,4,207,1.93%,5.08
cbse class 10th marksheet download,4,207,1.93%,7.83
testas fees in india,4,206,1.94%,4.42
why engineering colleges are closing down,4,198,2.02%,2.43
high paying jobs in commerce without maths,4,195,2.05%,2.95
gate xh paper,4,195,2.05%,6.8
radiology and imaging technology scope,4,194,2.06%,7.34
class 10 cbse marksheet download 2026,4,190,2.11%,4.66
diploma courses,4,188,2.13%,1.96
bsc dialysis technology job opportunities,4,176,2.27%,2.84
germany nursing job vacancy,4,174,2.3%,3.6
earn while learn,4,174,2.3%,6.66
optometry in india,4,173,2.31%,8.97
class 10 marksheet cbse 2026,4,172,2.33%,4.51
hospitality and tourism management course,4,171,2.34%,3.6
class 10 result 2026 marksheet,4,170,2.35%,4.89
cbse 10th result marksheet download 2026,4,169,2.37%,5.07
work integrated learning,4,164,2.44%,14.28
class 10th marksheet cbse 2026,4,148,2.7%,5.37
skills of physiotherapist,4,146,2.74%,5.05
career options after 12th computer science,4,117,3.42%,5.24
germany nursing recruitment,4,111,3.6%,5.93
learn while you earn,4,109,3.67%,6.24
cbse result 2026 class 10 marksheet download,4,104,3.85%,4.95
on the job learning,4,101,3.96%,6.1
what is best skill to learn in 2026,4,95,4.21%,5.61
58 engineering colleges shut,4,93,4.3%,4.94
dialysis technician jobs in europe,4,92,4.35%,4.99
paramedical counselling 2026,4,83,4.82%,4.34
class 10 second board marksheet,4,81,4.94%,4.64
cbse 10th marks memo download 2026,4,64,6.25%,4.36
engineering colleges shut down,4,60,6.67%,5.23
cbse result class 10 marksheet,4,60,6.67%,7.02
10th marksheet online download,4,51,7.84%,1.55
cbse class 10 marksheet 2026 download,4,45,8.89%,4.29
cbse10th result 2026,4,28,14.29%,4.75
high salary courses after 12th arts with high salary,3,4784,0.06%,9.44
career options after 12th,3,4430,0.07%,10.25
b pharmacy course details after 12th,3,4100,0.07%,8.26
courses after 12th pcb,3,3719,0.08%,6.92
optometry course fees,3,2671,0.11%,8.65
after 12th pcb career options,3,2647,0.11%,5.39
farmasi course after 12th,3,2610,0.11%,6.88
arts stream career options,3,1994,0.15%,6.97
best course after 12 arts,3,1955,0.15%,6.85
after bca which job is best for high salary,3,1890,0.16%,9.35
arts students career options,3,1810,0.17%,7.26
career options for commerce without maths,3,1799,0.17%,5.98
courses after 12th science pcb,3,1707,0.18%,7.01
top 10 allied health science courses after 12th,3,1686,0.18%,6.8
pcb career options with high salary,3,1562,0.19%,9.07
polaris university,3,1476,0.2%,6.25
allied health sciences courses after 12th,3,1446,0.21%,7.53
career options in commerce without maths with salary,3,1363,0.22%,4.33
carrier guidelines after 12th,3,1326,0.23%,8.28
computer science engineering courses after 12th,3,1198,0.25%,6.36
hospitality and tourism,3,1112,0.27%,7.74
medical lab technology,3,1067,0.28%,10.71
healthcare courses in india,3,1010,0.3%,6.62
health care courses in india,3,969,0.31%,6.98
how to become nurse after 12th,3,895,0.34%,4
medhavi skills university fee structure,3,889,0.34%,5.17
1 year paramedical courses after 12th,3,875,0.34%,6.03
nursing in germany,3,873,0.34%,6.84
bachelor of science in optometry,3,872,0.34%,6.36
skill based courses after 12th,3,866,0.35%,4.97
arts student career options after 12th,3,834,0.36%,5.54
testas exam dates,3,673,0.45%,6.85
commerce career options without maths,3,672,0.45%,6.59
how to become a nurse after 12th,3,653,0.46%,3.93
most demanding skills in 2026,3,620,0.48%,7.79
commerce without maths career options with salary,3,616,0.49%,3.72
class 10th marksheet 2026,3,593,0.51%,6.02
after bsc radiology what to do,3,593,0.51%,7.86
b optometry salary,3,587,0.51%,7.45
scope for pcb students after 12th,3,585,0.51%,5.45
future business,3,584,0.51%,6.83
career option after 12th science pcb,3,575,0.52%,5.76
bba with hospital administration,3,555,0.54%,5.28
gate xh exam,3,536,0.56%,5.71
what skill should i learn in 2026,3,531,0.56%,6.59
10 th marksheet download,3,514,0.58%,7.52
best skills to learn for the future,3,505,0.59%,6.16
best skill to learn in 2026 to earn money,3,502,0.6%,8.94
pcb science career options,3,489,0.61%,4.5
2026 10th marksheet download,3,475,0.63%,7.09
download 10th marksheet,3,474,0.63%,7.51
testas exam syllabus,3,471,0.64%,10.3
medhavi skills university placement,3,468,0.64%,6.32
german nursing jobs,3,455,0.66%,7.6
hospitality management courses,3,446,0.67%,7.21
best online skills to learn in 2026,3,444,0.68%,6.94
lms medhavi,3,431,0.7%,6.58
optometrist course duration,3,400,0.75%,6.8
career chart after 12th,3,387,0.78%,5.84
how to download cbse 10th marksheet,3,387,0.78%,9.07
how many engineering colleges closed in india,3,377,0.8%,4.36
best courses after 12th 2026,3,377,0.8%,6.18
all pcb career options,3,375,0.8%,5.64
10th class marksheet 2026,3,373,0.8%,6.25
scope of pcb after 12th,3,366,0.82%,4.23
best course to learn in 2026,3,363,0.83%,6.28
foreign students in india,3,347,0.86%,5.22
b.optom course details,3,347,0.86%,6.21
is optometry a good career in india,3,345,0.87%,5.14
mechanic salary in germany per month,3,340,0.88%,6.04
10th cbse marksheet download,3,340,0.88%,8.67
after bsc mlt,3,331,0.91%,3.49
best skill after 12th,3,327,0.92%,2.78
career opportunities after 12th arts,3,320,0.94%,4.58
important skills to learn in 2026,3,320,0.94%,5.74
what is the best skill to learn in 2026,3,320,0.94%,7.06
what to do after bsc radiology,3,319,0.94%,5.74
how has technology changed the way we work,3,315,0.95%,6.78
skill development courses after 12th,3,312,0.96%,6.31
bachelor optometry,3,308,0.97%,5
optometry scope and salary,3,308,0.97%,6
is paramedical a good career,3,307,0.98%,3.17
skills for physiotherapist,3,305,0.98%,10.72
nurse jobs in germany,3,294,1.02%,7.55
pcb career options in india,3,289,1.04%,3.8
health science courses,3,289,1.04%,8.61
course after 12th arts,3,273,1.1%,5.82
career with pcb after 12th,3,270,1.11%,5.31
germany nurse recruitment,3,270,1.11%,6.11
germany nurse job requirements,3,266,1.13%,6.17
after completing bsc mlt which course is best,3,261,1.15%,3.54
bachelor of laboratory science,3,261,1.15%,4.38
what is bba in marketing,3,258,1.16%,6
pharmassist course,3,256,1.17%,8.14
learn and earn,3,250,1.2%,10.46
class 10 cbse marksheet,3,240,1.25%,7.92
pharmacy,3,234,1.28%,2.62
germany nursing job process,3,223,1.35%,6.11
what to do after bsc in radiology,3,222,1.35%,5.73
pcb means in education,3,219,1.37%,5.4
10th class marksheet download 2026,3,219,1.37%,5.82
best skill course after 12th,3,212,1.42%,4.98
nursing jobs in germany for foreigners,3,207,1.45%,10.26
gate humanities and social sciences eligibility,3,194,1.55%,5.12
nursing,3,192,1.56%,4.76
futuristic courses after 12th,3,183,1.64%,4.27
fields in arts,3,183,1.64%,6.92
arts career,3,182,1.65%,6.91
skills to develop after 12th,3,181,1.66%,3
indian nurse in germany,3,174,1.72%,3.54
ha,3,172,1.74%,4.05
trending course after 12th,3,171,1.75%,6.83
10th mark sheet download 2026,3,165,1.82%,7.44
highest salary jobs for commerce students without maths,3,162,1.85%,3.02
testas exam centres in india,3,159,1.89%,3.57
best skills to learn after 12th,3,158,1.9%,2.63
what skills to learn in 2026,3,157,1.91%,6.45
best healthcare courses in india,3,147,2.04%,3.43
health science courses after 12th,3,140,2.14%,7.14
download marksheet 10th,3,140,2.14%,7.54
how can i get nursing job in germany,3,132,2.27%,7.01
class 10 mark sheet download 2026,3,128,2.34%,3.8
cbse marksheet 2026 class 10,3,126,2.38%,4.53
class 10 board marksheet 2026,3,125,2.4%,4.78
emergency medical technician skills,3,124,2.42%,13.35
cbse 10th mark list download 2026,3,123,2.44%,4.44
most demanded skills in 2026,3,122,2.46%,8.46
58 engineering college closed name,3,118,2.54%,6.03
polaris school of technology affiliated to which university,3,116,2.59%,3.98
testas exam fees in india,3,114,2.63%,1.68
after bsc lab technician course,3,113,2.65%,2
bsc renal dialysis technology scope,3,96,3.12%,1.89
skills to learn in 2026 as a student,3,96,3.12%,4.1
class 10 cbse marksheet 2026 download,3,95,3.16%,5.04
bsc.optometry,3,94,3.19%,6.55
msc courses after bsc mlt,3,92,3.26%,3.39
arts benefits in future,3,91,3.3%,2.95
automotive ausbildung in germany,3,91,3.3%,4.68
staff nurse vacancy in germany,3,91,3.3%,5.09
benefits of diploma after 12th,3,88,3.41%,2.94
tech skills to learn in 2026,3,86,3.49%,5.7
bba jewellery design & management,3,84,3.57%,3.32
car mechanic ausbildung in germany,3,83,3.61%,4.33
cbse x marksheet 2026,3,81,3.7%,4.46
best skill for students,3,77,3.9%,4.9
best careers in 2026,3,76,3.95%,6.11
cbse 10th marksheet download 2026 link,3,74,4.05%,5.7
germany staff nurse vacancy for indian,3,66,4.55%,6.02
skills in 2026 to learn,3,65,4.62%,5.91
health tech courses after 12th,3,64,4.69%,2.44
best careers 2026,3,56,5.36%,3.5
engineering colleges closing down in india,3,53,5.66%,3.43
cbse class 10 result 2026 marksheet,3,53,5.66%,4.49
msu scholarship form,3,53,5.66%,8.77
career in food and nutrition,3,47,6.38%,4.43
msu blog,3,47,6.38%,4.66
how has technology transformed the way we work?,3,47,6.38%,4.77
rpl mode degree,3,45,6.67%,6.24
new education policy 2026 pdf,3,39,7.69%,3.08
cbse class x marksheet 2026,3,39,7.69%,4.1
the future of work: how technology is transforming jobs and skills,3,34,8.82%,6.79
rpl degree,3,33,9.09%,3.03
germany process for nurses,3,33,9.09%,6.39
closure of engineering college,3,31,9.68%,3.77
cbse 10th marks card 2026,3,19,15.79%,4.26
max institute of allied and paramedical education,3,17,17.65%,3.24
tourism and hospitality course details,3,16,18.75%,1.69
58 engineering college,3,9,33.33%,4.89
best career options after 12th,2,10981,0.02%,10.14
top 5 paramedical courses with high salary,2,5063,0.04%,7.64
courses for pcb students after 12th,2,4670,0.04%,7.52
which paramedical course is best,2,4111,0.05%,7.77
top 5 paramedical courses after 12th,2,3603,0.06%,5.75
top paramedical courses with high salary,2,3465,0.06%,6.71
courses after 12th arts with high salary,2,3434,0.06%,9.47
ojt full form,2,2908,0.07%,1.37
dialysis technology,2,2890,0.07%,8.03
pcb group career options,2,2807,0.07%,6.55
best paramedical course with high salary,2,2796,0.07%,6.83
best course after 12 pcb,2,2771,0.07%,7.38
after 12 career options,2,2603,0.08%,9.82
bba in marketing,2,2405,0.08%,9.1
optometry course duration,2,2386,0.08%,6.77
bsc in optometry,2,2167,0.09%,10.05
2-year nursing courses after 12th,2,2042,0.1%,7.4
d pharmacy course details after 12th,2,2034,0.1%,6.77
optometry course salary,2,2034,0.1%,7.12
top 1 paramedical courses with high salary,2,1943,0.1%,6.36
on job training,2,1904,0.11%,6.51
nep education policy 2026,2,1888,0.11%,6.95
scope of nursing,2,1873,0.11%,10.23
bsc dialysis,2,1768,0.11%,6.62
bachelor of optometry meaning,2,1696,0.12%,5.87
bachelor of medical laboratory science,2,1681,0.12%,5.12
which paramedical course has highest salary,2,1548,0.13%,9.08
hotel management admission last date 2026,2,1534,0.13%,5.58
best career options after 12th commerce,2,1528,0.13%,7.18
what is mlt course,2,1520,0.13%,9.92
eye doctor course,2,1367,0.15%,7.38
arts student career options,2,1362,0.15%,6.64
career options in pcb,2,1297,0.15%,4.78
mlt course,2,1237,0.16%,13.6
best course in paramedical,2,1235,0.16%,8.15
bsc optometry salary per month,2,1211,0.17%,4.66
science pcb,2,1206,0.17%,5.11
career for pcb students after 12th,2,1194,0.17%,5.46
paramedical top courses,2,1143,0.17%,7.31
hospitality management course,2,1139,0.18%,8.32
polaris institute of technology,2,1137,0.18%,8.26
bsc in optometry course details,2,1122,0.18%,6.45
courses for arts students after 12th,2,1112,0.18%,6.59
nursing scope in india,2,1091,0.18%,4.01
best course after 12th arts,2,984,0.2%,6.26
new nep policy 2026,2,975,0.21%,7.08
bachelor of optometry is a doctor,2,957,0.21%,10.2
pcb career option,2,951,0.21%,4.3
career options after 12th arts with high salary,2,941,0.21%,5.66
top 10 allied health science courses,2,938,0.21%,9.19
bsc optometry course,2,928,0.22%,8.95
options after 12th pcb,2,925,0.22%,7.01
pcb all career options,2,879,0.23%,5.41
pcb field career options,2,855,0.23%,5.91
career options after pcb in 12th,2,828,0.24%,5.47
after 12 career options in arts,2,811,0.25%,4.92
dialysis technician course,2,799,0.25%,1.26
top paramedical courses in india,2,782,0.26%,6.82
commerce career options without maths for girl,2,766,0.26%,4.48
b.voc in interior design,2,762,0.26%,7.14
optometrist course details,2,743,0.27%,6.6
nep2026,2,741,0.27%,5.33
tourism management,2,738,0.27%,7.43
what is testas,2,735,0.27%,6.69
commerce without maths best career options,2,730,0.27%,4.72
b.sc dialysis technology,2,707,0.28%,6.54
bsc in optometry salary,2,703,0.28%,6.45
germany nursing,2,692,0.29%,4.99
polar school of technology,2,692,0.29%,8.1
skill vs degree,2,688,0.29%,5.01
travel and tourism management,2,628,0.32%,8.76
after arts which course is best,2,620,0.32%,7.08
pharmacy how many years,2,581,0.34%,5.01
career guidance for students after 12th,2,579,0.35%,7.12
best career options after 12th commerce without maths,2,577,0.35%,5.16
career option after 12th arts,2,560,0.36%,5.36
emergency medical technician,2,558,0.36%,5.09
arts stream career options for girl,2,512,0.39%,7.29
after bsc mlt which course is best,2,500,0.4%,4.39
b.optometry course,2,495,0.4%,8.04
career for arts students after 12th,2,492,0.41%,6.03
how technology is changing work,2,478,0.42%,3.11
how to apply for nursing job in germany,2,478,0.42%,4.92
nursing job opportunities in germany,2,473,0.42%,22.67
after 12th computer science which course is best for future,2,460,0.43%,5.53
dialysis therapy technology,2,454,0.44%,9.91
class 10 2026 marksheet,2,450,0.44%,4.45
after 12 arts which course is best,2,450,0.44%,7.34
career options for pcb students other than medical,2,440,0.45%,7.1
banking courses after 12th commerce without maths,2,439,0.46%,7.44
bba tourism and hospitality management subjects,2,437,0.46%,7.86
after lab technician course what can i do,2,428,0.47%,4.08
german nurse vacancy,2,413,0.48%,4.81
career options after bca,2,408,0.49%,9.83
best skill for future,2,402,0.5%,9.2
courses after bsc mlt,2,400,0.5%,4.7
career options with pcb after 12th,2,395,0.51%,5.16
which course is best to get job easily after 12th,2,392,0.51%,5.56
german language for nurses,2,392,0.51%,6.16
career option for pcb students after 12th,2,392,0.51%,6.43
which skill should i learn in 2026,2,390,0.51%,5.92
arts stream career options after 12th,2,390,0.51%,6.28
technology and the future of work,2,387,0.52%,15.03
how technology is changing the workplace,2,383,0.52%,3.82
after bsc mlt what can i do,2,372,0.54%,4.21
after class 12 arts what to do,2,361,0.55%,5.6
is hospital administration a good career,2,360,0.56%,5.93
job opportunities courses after 12th,2,353,0.57%,5.83
"medhavi skills university, sikkim admissions",2,353,0.57%,8.46
high salary paramedical courses after 12th science,2,351,0.57%,4.11
testas syllabus,2,349,0.57%,9.42
bsc optometry duration,2,343,0.58%,5.27
b optom salary,2,334,0.6%,5.59
pcb job opportunities,2,333,0.6%,5.3
b optometry salary per month,2,332,0.6%,4.8
is food and nutrition a good course,2,321,0.62%,5.96
misat,2,316,0.63%,5.56
career option for arts students,2,316,0.63%,6.05
commerce without math,2,314,0.64%,7.76
degree vs skills,2,313,0.64%,4.67
optometry course duration and fees,2,313,0.64%,6.07
after mlt what can i do,2,311,0.64%,5
gate xh syllabus,2,310,0.65%,6.33
para medical,2,306,0.65%,1.32
all courses for pcb students,2,301,0.66%,6.97
after 12 best career options,2,300,0.67%,9.96
skills of a physiotherapist,2,297,0.67%,11.52
diploma in paramedical courses after 12th,2,296,0.68%,6.24
professional courses after 12th pcb,2,294,0.68%,6.65
commerce without maths scope with salary,2,293,0.68%,4.49
testas fees,2,291,0.69%,2.93
10 marksheet,2,290,0.69%,8.5
german nurses vacancy,2,284,0.7%,5.92
cbse marksheet download class 10,2,283,0.71%,8.21
germany nursing vacancy,2,282,0.71%,5.71
after bsc mlt job opportunities,2,278,0.72%,6.22
medhavi skills university shradha chettri,2,278,0.72%,7.94
after 12th skill courses with high salary,2,277,0.72%,5.22
scope after bsc radiology,2,275,0.73%,6.39
trending skills in 2026,2,274,0.73%,8.56
nursing career,2,272,0.74%,5.54
top skill to learn in 2026,2,268,0.75%,7.38
is nutritionist a good career,2,266,0.75%,3.05
best skill to learn,2,262,0.76%,4.95
gate xh subjects,2,262,0.76%,6.19
what after bsc radiology,2,261,0.77%,8.84
arts career options with salary,2,259,0.77%,10.14
what to do after 12 arts,2,253,0.79%,4.76
pcb career,2,251,0.8%,4.75
art career options,2,248,0.81%,7.23
after 12 arts what to do,2,247,0.81%,6.25
best skills to learn for future,2,243,0.82%,5.45
hospitality and tourism course,2,239,0.84%,4.15
10 marksheet 2026 download,2,239,0.84%,6.65
bsc in dialysis,2,230,0.87%,6.28
10 cbse marksheet 2026,2,229,0.87%,5.12
dialysis nurse salary in germany,2,225,0.89%,4.35
how to become nurse in germany,2,224,0.89%,5.19
what is bsc optometry course,2,222,0.9%,5.95
optometry salary in india per month,2,219,0.91%,3.41
what can i do after bsc mlt,2,218,0.92%,4.06
best career options in commerce without maths,2,212,0.94%,4.56
best skills after 12th,2,211,0.95%,3.22
tourism hospitality management,2,210,0.95%,5.71
best skills to learn in 2026 as a teenager,2,209,0.96%,4.46
germany nurse requirements,2,207,0.97%,5.38
career path for pcb students,2,206,0.97%,4.9
pcb other career options,2,206,0.97%,5.97
arts side career options,2,204,0.98%,7.08
arts student job after 12th,2,202,0.99%,4.39
best courses to learn in 2026,2,201,1%,6.14
salary,2,200,1%,3.25
bsc optometry salary in india,2,198,1.01%,6.12
is logistics a good career in india,2,198,1.01%,6.73
gate sociology eligibility,2,196,1.02%,6.21
valuable skills to learn in 2026,2,195,1.03%,7.41
skills for students,2,195,1.03%,8.27
pcb with it career options,2,194,1.03%,4.37
58 engineering college shut down list,2,194,1.03%,7.73
best skill to learn for future,2,192,1.04%,5.58
pharmacy types of degrees,2,192,1.04%,6.44
cbse marksheet class 10 2026,2,187,1.07%,5.19
latest skills to learn in 2026,2,187,1.07%,5.41
medhavi skills university ma psychology,2,187,1.07%,6.98
course after 12 commerce without maths,2,184,1.09%,6.04
optical courses after 12th,2,183,1.09%,6.84
which skill is best for future in india,2,182,1.1%,5.32
if neet not cleared then what to do,2,182,1.1%,8.13
pcb careers,2,179,1.12%,4.53
learning methods in psychology,2,179,1.12%,5.89
b optom salary in india,2,179,1.12%,5.94
best high paying skills to learn in 2026,2,176,1.14%,6.55
marksheet download cbse class 10,2,174,1.15%,7.95
age limit for german nurse,2,173,1.16%,4.8
travel and hospitality management,2,173,1.16%,4.96
bsc radiology career options,2,173,1.16%,6.41
german language course for nurses,2,171,1.17%,8.63
health care and pharma course,2,167,1.2%,5.75
cbse class 10th marksheet,2,167,1.2%,6.19
testas india,2,159,1.26%,8.29
car mechanic salary in germany per month,2,156,1.28%,5.69
skill courses after 12th arts,2,153,1.31%,3.22
10 marksheet cbse 2026,2,153,1.31%,5.43
future proof careers,2,153,1.31%,7.51
cbse marksheet 2026,2,152,1.32%,7.24
after 12 computer science courses,2,151,1.32%,5.39
class 10th 2026 marksheet download,2,149,1.34%,4.85
computer degree courses after 12th,2,149,1.34%,5.14
career options in 2026,2,149,1.34%,5.97
pcb career options list,2,148,1.35%,5.7
hotel management admission 2026,2,148,1.35%,7.06
class 10th marksheet 2026 cbse,2,145,1.38%,4.9
ojt program,2,144,1.39%,5.59
after bsc mlt which course is better in india,2,142,1.41%,1.91
bsc mlt career options,2,142,1.41%,3.91
skills for 12th pass students,2,142,1.41%,4.08
art career options after 12th,2,141,1.42%,4.04
career options after 12th commerce without maths with high salary,2,140,1.43%,2.96
courses after 12th commerce without maths and accounts,2,140,1.43%,5.65
cbse class 10 2026 marksheet download,2,138,1.45%,4.77
career in computer science after 12th,2,137,1.46%,4.25
factors of learning in psychology,2,133,1.5%,8.72
options in arts stream,2,132,1.52%,6.69
bsc dialysis technology salary per month,2,129,1.55%,2.23
career after commerce without maths,2,129,1.55%,5.64
career options after 12th for arts students,2,129,1.55%,5.7
what is the future of ai and ml,2,128,1.56%,3.65
class x marksheet 2026,2,126,1.59%,5.05
how is polaris school of technology,2,125,1.6%,7.96
courses after 12th pcb other than medical,2,124,1.61%,7.03
art se career options,2,122,1.64%,6.78
staff nurse in german,2,120,1.67%,6.49
class 10th cbse marksheet download 2026,2,119,1.68%,4.54
b.sc optometry salary per month,2,117,1.71%,6.35
10 board marksheet 2026,2,114,1.75%,6.94
jobs options after 12th,2,113,1.77%,8.37
better courses after 12th,2,112,1.79%,8.4
requirements for indian nurses to work in germany,2,111,1.8%,3.95
class 10 cbse 2026 marksheet,2,111,1.8%,5.05
download cbse 10th marksheet 2026,2,108,1.85%,5.03
12 arts ke baad best career options,2,108,1.85%,7.3
future of ai and ml,2,107,1.87%,4.33
top skills to learn,2,107,1.87%,4.93
which course is best for pharmacy,2,106,1.89%,5.86
importance of hospitality industry,2,106,1.89%,41.8
class 10 marksheet download 2026,2,104,1.92%,4.88
best future skills to learn,2,104,1.92%,6.11
cbse class x marksheet download 2026,2,102,1.96%,5.13
gate for humanities,2,102,1.96%,6.73
class 10th marksheet download cbse,2,102,1.96%,7.68
skill university india,2,102,1.96%,8.93
bs dialysis technology,2,98,2.04%,8.14
bsc optometrist salary per month,2,97,2.06%,4.06
cbse class 10th 2026 marksheet,2,97,2.06%,4.25
marksheet 2026 class 10,2,97,2.06%,6.25
cbse download marksheet,2,97,2.06%,8.85
dialysis technician salary in germany per month,2,94,2.13%,3.44
eye doctor degree name in india,2,93,2.15%,3.44
ojt in hotel,2,93,2.15%,3.7
must learn skills in 2026,2,93,2.15%,4.71
germany car mechanic salary,2,93,2.15%,6.39
polaris tech school,2,92,2.17%,8.58
germany dialysis technician vacancy,2,89,2.25%,4.54
bachelor degree in optometry,2,89,2.25%,5.96
which skill to learn in 2026,2,88,2.27%,5.64
skills required for physiotherapy,2,87,2.3%,6.62
engineering college closed,2,85,2.35%,6.14
new skills for students,2,84,2.38%,3.17
after 12th pcb group courses,2,84,2.38%,5.5
placement,2,82,2.44%,4.66
bsc nursing job in germany,2,81,2.47%,4.99
what skills should i learn in 2026,2,80,2.5%,6.85
best skills to learn in 2026 after 12th,2,74,2.7%,2.49
cbse xth marksheet download,2,74,2.7%,8.5
optician course duration,2,73,2.74%,4.14
cbse 2026 class 10 marksheet,2,73,2.74%,5.74
core testas score meaning,2,72,2.78%,3.71
hospital tourism management,2,72,2.78%,6.25
allied health sciences,2,71,2.82%,3.66
which career is best for arts students,2,71,2.82%,5.17
earning while learning,2,70,2.86%,6.54
ऑप्टोमेट्री पाठ्यक्रम,2,68,2.94%,4.87
germany nurse salary per month in indian rupees,2,67,2.99%,2.07
2026 me konsi skill sikhe,2,65,3.08%,2.91
10 cbse result 2026 marksheet,2,65,3.08%,4.69
apprenticeship degree programs,2,65,3.08%,6.34
new course after 12th,2,63,3.17%,7.41
marksheet 10th 2026,2,63,3.17%,7.65
cbse 2026 10th marksheet download,2,62,3.23%,4.53
what to do after taking arts in 12th,2,62,3.23%,6.16
how many pharmacy course,2,61,3.28%,4.11
optometrist career path,2,61,3.28%,6.67
best courses after 12th commerce for average students,2,59,3.39%,6.53
optometry years of study,2,58,3.45%,3.86
cbse class 10 result 2026 secondary board marksheet,2,58,3.45%,6.53
marksheet download cbse,2,57,3.51%,8.63
germany nurses job,2,56,3.57%,3.91
what is a skill university,2,56,3.57%,4.79
best learning skills in 2026,2,56,3.57%,5.41
future of business in india,2,56,3.57%,8.82
skills 2026,2,54,3.7%,6.31
2026 marksheet,2,54,3.7%,7
what are the skills to learn in 2026,2,53,3.77%,5.25
cbse class 10 result marksheet 2026,2,52,3.85%,4.71
paramedical professional courses,2,52,3.85%,8.46
10th class cbse marksheet 2026,2,51,3.92%,4.43
skills to learn 2026,2,51,3.92%,6.27
what are the trending skills in 2026,2,51,3.92%,8.55
cbse 10th result 2026 mark sheet,2,50,4%,3.38
future skills to learn,2,50,4%,5.58
2026 career options,2,50,4%,6.14
list of 58 engineering colleges closed,2,49,4.08%,9.94
medhavi skills university (msu),2,46,4.35%,6.7
skill degree courses,2,46,4.35%,8.85
licenciatura en nutrición,2,45,4.44%,3.8
what are best skills to learn in 2026,2,45,4.44%,4.84
cbse 10th marksheet download 2026 cbse board,2,45,4.44%,5.82
cbse result 2026 marksheet,2,45,4.44%,6.09
कॉमर्स विदाउट मैथ्स स्कोप,2,44,4.55%,4.32
msu cyber security,2,44,4.55%,4.68
impact of nep 2020,2,43,4.65%,4.16
бизнес идея 2026,2,42,4.76%,2.31
58 engineering college closed list,2,41,4.88%,7.76
tourism and hospitality management course,2,40,5%,4.95
optometrist degree in india,2,40,5%,5.72
pharmacy science course,2,39,5.13%,3.82
new business trends 2026,2,39,5.13%,4.23
earn while you learn courses,2,38,5.26%,5.74
important skill to learn,2,37,5.41%,4.68
skills for 2026,2,37,5.41%,6.73
ugc model curriculum,2,37,5.41%,8.43
download marksheet cbse 10th 2026,2,36,5.56%,5.28
নতুন ব্যবসার আইডিয়া 2026,2,35,5.71%,3.83
learn while you earn program,2,35,5.71%,4.6
future in business,2,34,5.88%,4.29
skills to have in 2026,2,34,5.88%,6.53
class x marksheet download,2,34,5.88%,11.24
future career for students,2,33,6.06%,3.76
cbse board marksheet class 10 2026,2,32,6.25%,4.94
skill based degree courses,2,32,6.25%,5.56
paramedical counselling 2026 date,2,31,6.45%,3
on the job training in hospitality industry,2,31,6.45%,4.29
german hospital jobs,2,31,6.45%,7.42
highest paying skills in 2026,2,31,6.45%,8.32
article on skill based education,2,30,6.67%,2.83
hospitality travel and tourism management,2,30,6.67%,3.3
arts student jobs after 12th,2,30,6.67%,3.87
wise model,2,30,6.67%,4.47
work integrated learning programs in india,2,30,6.67%,7.4
work and learn program,2,30,6.67%,7.43
skill to develop in 2026,2,29,6.9%,5.07
earn while you learn programme,2,28,7.14%,4.93
marksheet result 2026,2,28,7.14%,6.25
nutrition study,2,26,7.69%,2.5
class x marksheet cbse 2026,2,26,7.69%,5.08
educaro india,2,25,8%,4.24
marksheet class 10 cbse result,2,24,8.33%,8.54
why choose interior design as a career,2,20,10%,8.05
hotel management admission last date,2,19,10.53%,4.68
allied health science courses,2,19,10.53%,10.58
aiims paramedical application form 2026,2,18,11.11%,6.78
cbse 10 th marksheet download,2,18,11.11%,7.56
aedp courses list,2,17,11.76%,1.71
career courses after 12th arts,2,17,11.76%,5.82
get paid to learn,2,17,11.76%,7.41
paramedical counselling 2026 rank list date,2,16,12.5%,3.06
innovations in 2026,2,16,12.5%,7.44
paramedical college near me,2,15,13.33%,4.93
career opportunities after bachelor of medical laboratory science,2,14,14.29%,3.43
paramedical courses near me,2,13,15.38%,2.38
class 10th result 2026 cbse marksheet,2,12,16.67%,4.42
after 12th best career options for arts students,2,12,16.67%,6.92
best skills university in india,2,11,18.18%,1.82
optom,2,9,22.22%,1.44
for btech,2,9,22.22%,3.56
course in paramedical,2,9,22.22%,4.67
work based degree,2,7,28.57%,3.29
dialysis nurse in germany,2,6,33.33%,1.67
"ratan tata maharashtra state skills university, kharghar",2,6,33.33%,3.17
study and work program,2,5,40%,9.8
bsc lab technician salary,2,4,50%,2
students learning psychology,2,4,50%,2
dental nurse jobs abroad,2,3,66.67%,1
работа автомехаником в германии,2,2,100%,2
cbse 12 result 2025,2,2,100%,6.5
hotel management courses after 12th,1,9277,0.01%,9.51
nursing course after 12th,1,5482,0.02%,6.64
computer courses after 12th,1,5108,0.02%,6.68
bachelor of medical laboratory technology,1,3762,0.03%,7.91
commerce without maths,1,3203,0.03%,6.57
emversity university,1,3080,0.03%,11.27
after 12th career options,1,3041,0.03%,9.76
ojt,1,2880,0.03%,2.98
pcb stream career options,1,2464,0.04%,7.37
top 3 paramedical courses with high salary,1,2391,0.04%,5.96
after 12th arts which course is best for future,1,2199,0.05%,6.86
pcb lene ke baad career option,1,2195,0.05%,6.41
high salary courses after 12th arts,1,2121,0.05%,7.42
bba marketing,1,2010,0.05%,9.02
after 12th pcb which course is best for future,1,1971,0.05%,7.26
career option after 12th pcb,1,1961,0.05%,5.94
career opportunities after 12th,1,1921,0.05%,10.21
b.optometry course details,1,1798,0.06%,6.93
pcb se career options,1,1787,0.06%,5.55
in paramedical which course is best,1,1727,0.06%,8.35
commerce without math career options,1,1653,0.06%,6.84
career options for pcb students with high salary,1,1651,0.06%,8.89
best course for pcb students after 12th,1,1522,0.07%,8.66
other career options for pcb students,1,1501,0.07%,6.46
which is the best paramedical courses,1,1426,0.07%,6.55
bsc medical lab technology,1,1419,0.07%,8.33
after 12 pcb career options with high salary,1,1401,0.07%,8.6
career options in commerce without maths,1,1310,0.08%,5.94
hotel management course after 12th,1,1287,0.08%,10.1
high salary courses after 12th science pcb,1,1275,0.08%,8.64
best career options for pcb students,1,1263,0.08%,6.37
degree or diploma which is better,1,1252,0.08%,5.02
mlt full form,1,1247,0.08%,6.76
after pcb career options,1,1244,0.08%,5.05
farmasi course,1,1243,0.08%,6.58
hotel management course admission date 2026,1,1228,0.08%,6.04
polaris college,1,1201,0.08%,9.17
b.sc optometry course details,1,1173,0.09%,6.79
how technology will change the future of work,1,1156,0.09%,4.5
what is optometry course,1,1142,0.09%,5.66
which course is best for future after 12th,1,1116,0.09%,8.3
mlt course details,1,1053,0.09%,8.61
bsc optometry scope,1,1040,0.1%,41.47
high demand paramedical courses,1,1017,0.1%,5.22
technology and future of work,1,985,0.1%,6.14
what jobs can i do after 12th,1,967,0.1%,6.8
skill of the university,1,937,0.11%,6.24
top 10 paramedical courses,1,921,0.11%,8.8
course after 12 science pcb,1,908,0.11%,7.64
allied health science courses after 12th,1,908,0.11%,8.87
paramedical courses which is best,1,899,0.11%,8.45
career options after pcb,1,895,0.11%,5.42
radiology scope,1,892,0.11%,8.4
b optometry,1,886,0.11%,8.21
bsc radiology scope,1,876,0.11%,7.75
high salary paramedical courses,1,871,0.11%,6.08
pcb jobs after 12th,1,861,0.12%,6.91
pharmacy course after 12th,1,854,0.12%,6.93
bachelor of optometry course,1,846,0.12%,4.81
career options with pcb,1,837,0.12%,5.08
top paramedical course,1,824,0.12%,8.47
career options in arts,1,822,0.12%,6.58
pcb students career options after 12th,1,816,0.12%,5.53
what to do after 12th science pcb,1,814,0.12%,6.34
pharmacy after 12th,1,777,0.13%,5.57
nep 2026 education policy,1,769,0.13%,6.93
paramedical high salary courses,1,754,0.13%,7.05
job opportunities after 12th,1,746,0.13%,8.08
germany nursing job,1,733,0.14%,23.54
12th arts student career options,1,714,0.14%,6.13
which degree is best after 12th,1,712,0.14%,8.71
what jobs we can do after taking commerce without maths,1,693,0.14%,6.95
best course in paramedical field,1,689,0.15%,7.46
good career options,1,689,0.15%,9.39
paramedical course after 12th,1,681,0.15%,9.05
future of work technology,1,680,0.15%,13.4
testas meaning,1,675,0.15%,6.26
after 12th science pcb career options,1,671,0.15%,5.38
12th arts career options,1,661,0.15%,5.96
courses after 12th computer science,1,651,0.15%,5.6
which course is best after 12th arts,1,651,0.15%,6.65
bsc nutrition and dietetics scope,1,636,0.16%,10.7
after 12th courses,1,632,0.16%,9.16
what career options are there in pcb,1,628,0.16%,5.11
best degree after 12th arts,1,617,0.16%,6.9
what is polaris school of technology,1,609,0.16%,7.2
arts best career options after 12th,1,605,0.17%,5.59
arts scope,1,600,0.17%,5.84
is bsc nutrition and dietetics a good course,1,599,0.17%,4.01
bsc medical technology,1,597,0.17%,7.39
nursing job vacancy in germany,1,592,0.17%,21.28
paramedical best courses,1,584,0.17%,8.8
how to do nursing after 12th,1,581,0.17%,6.17
germany me nursing job kaise paye,1,581,0.17%,8.16